{
   "content":[
      {
         "type":"cms_image",
         "urlName":"skubccofmac001",
         "body":{
            "title":"Bella Chrome Coffee Machine",
            "source":{
               "url":"https://img4demo.herokuapp.com/image/capricorn/BC-COFMAC/jpg"
            }
         }
      },
      {
         "type":"cms_image",
         "urlName":"skudrw1",
         "body":{
            "title":"Dark Roast Whole Bean Coffee",
            "source":{
               "url":"https://img4demo.herokuapp.com/image/capricorn/DRW-1/jpg"
            }
         }
      },
      {
         "type":"cms_image",
         "urlName":"skussdrbb",
         "body":{
            "title":"Splendid Sumatran Dark Roast Bean Bag",
            "source":{
               "url":"https://img4demo.herokuapp.com/image/capricorn/SS-DR-BB/png"
            }
         }
      },
      {
         "type":"cms_image",
         "urlName":"skuesp001",
         "body":{
            "title":"Masso Espresso Machine",
            "source":{
               "url":"https://img4demo.herokuapp.com/image/capricorn/ESP-001-1/jpg"
            }
         }
      },
      {
         "type":"cms_image",
         "urlName":"skutmcofmac001",
         "body":{
            "title":"TaskMaster Coffee Machine",
            "source":{
               "url":"https://img4demo.herokuapp.com/image/capricorn/TM-COFMAC-001/jpg"
            }
         }
      },
      {
         "type":"cms_image",
         "urlName":"skuespiot1",
         "body":{
            "title":"EspresSmart Espresso Machine",
            "source":{
               "url":"https://img4demo.herokuapp.com/image/capricorn/ESP-IOT-1/jpg"
            }
         }
      },
      {
         "type":"cms_image",
         "urlName":"skuidpem",
         "body":{
            "title":"Capricorn I Group Espresso Machine",
            "source":{
               "url":"https://img4demo.herokuapp.com/image/capricorn/ID-PEM1/jpg"
            }
         }
      },
      {
         "type":"cms_image",
         "urlName":"skutrcofmac001",
         "body":{
            "title":"Testa Rossa Coffee Machine",
            "source":{
               "url":"https://img4demo.herokuapp.com/image/capricorn/TR-COFMAC/jpg"
            }
         }
      },
      {
         "type":"cms_image",
         "urlName":"skuccg1",
         "body":{
            "title":"Commercial Coffee Grinder",
            "source":{
               "url":"https://img4demo.herokuapp.com/image/capricorn/CCG-1/png"
            }
         }
      },
      {
         "type":"cms_image",
         "urlName":"skulrw1",
         "body":{
            "title":"Light Roast Whole Bean Coffee",
            "source":{
               "url":"https://img4demo.herokuapp.com/image/capricorn/LRW-1/jpg"
            }
         }
      },
      {
         "type":"cms_image",
         "urlName":"skumrc1",
         "body":{
            "title":"Medium Roast Coffee",
            "source":{
               "url":"https://img4demo.herokuapp.com/image/capricorn/mrc-1/jpg"
            }
         }
      },
      {
         "type":"cms_image",
         "urlName":"skucp2",
         "body":{
            "title":"Copper Coffee Press",
            "source":{
               "url":"https://img4demo.herokuapp.com/image/capricorn/copper_coffee_press/jpg"
            }
         }
      },
      {
         "type":"cms_image",
         "urlName":"skugdg1",
         "body":{
            "title":"Glass Drip Coffee Maker",
            "source":{
               "url":"https://img4demo.herokuapp.com/image/capricorn/GDG-1/jpg"
            }
         }
      },
      {
         "type":"cms_image",
         "urlName":"skueesp001",
         "body":{
            "title":"Easton Espresso Machine",
            "source":{
               "url":"https://img4demo.herokuapp.com/image/capricorn/E-ESP-001/jpg"
            }
         }
      },
      {
         "type":"cms_image",
         "urlName":"skuidcapii",
         "body":{
            "title":"Capricorn II Group Espresso Machine",
            "source":{
               "url":"https://img4demo.herokuapp.com/image/capricorn/ID-CAP-II/jpg"
            }
         }
      },
      {
         "type":"cms_image",
         "urlName":"skupsdb",
         "body":{
            "title":"The Dual Boiler",
            "source":{
               "url":"https://img4demo.herokuapp.com/image/capricorn/PS-DB/jpg"
            }
         }
      },
      {
         "type":"cms_image",
         "urlName":"skuq85yq2",
         "body":{
            "title":"The Infuser",
            "source":{
               "url":"https://img4demo.herokuapp.com/image/capricorn/infuser1/jpg"
            }
         }
      },
      {
         "type":"cms_image",
         "urlName":"skucercg1",
         "body":{
            "title":"Ceramic Coffee Grinder",
            "source":{
               "url":"https://img4demo.herokuapp.com/image/capricorn/CERCG-1-1/jpg"
            }
         }
      },
      {
         "type":"cms_image",
         "urlName":"skucf1",
         "body":{
            "title":"Coffee Filters",
            "source":{
               "url":"https://img4demo.herokuapp.com/image/capricorn/filters/jpg"
            }
         }
      },
      {
         "type":"cms_image",
         "urlName":"skuemrb",
         "body":{
            "title":"Medium Roast Ethiopian Coffee Bean",
            "source":{
               "url":"https://img4demo.herokuapp.com/image/capricorn/E-MR-B/png"
            }
         }
      },
      {
         "type":"cms_image",
         "urlName":"skuidcapiii",
         "body":{
            "title":"Capricorn III Group Espresso Machine",
            "source":{
               "url":"https://img4demo.herokuapp.com/image/capricorn/CapricornIII1/jpg"
            }
         }
      },
      {
         "type":"cms_image",
         "urlName":"skupsel",
         "body":{
            "title":"The Elite",
            "source":{
               "url":"https://img4demo.herokuapp.com/image/capricorn/PS-EL-1/jpg"
            }
         }
      },
      {
         "type":"cms_image",
         "urlName":"skuemesp001",
         "body":{
            "title":"Easy Mart Espresso Machine",
            "source":{
               "url":"https://img4demo.herokuapp.com/image/capricorn/EM-ESP-1/jpg"
            }
         }
      },
      {
         "type":"cms_image",
         "urlName":"skucp3",
         "body":{
            "title":"Java Black Coffee Press",
            "source":{
               "url":"https://img4demo.herokuapp.com/image/capricorn/cp-3/jpg"
            }
         }
      },
      {
         "type":"cms_image",
         "urlName":"skucldrbb",
         "body":{
            "title":"Cuban Libre Dark Roast Bean Bag",
            "source":{
               "url":"https://img4demo.herokuapp.com/image/capricorn/CL-Dr-BB/png"
            }
         }
      },
      {
         "type":"cms_image",
         "urlName":"skucrdec",
         "body":{
            "title":"Costa Rican Decaf Roast Bean Bag",
            "source":{
               "url":"https://img4demo.herokuapp.com/image/capricorn/CR-DECAF/png"
            }
         }
      },
      {
         "type":"cms_image",
         "urlName":"skucp1",
         "body":{
            "title":"Stainless Steel Coffee Press",
            "source":{
               "url":"https://img4demo.herokuapp.com/image/capricorn/ss-coffeepress1/jpg"
            }
         }
      },
      {
         "type":"cms_image",
         "urlName":"skucmmsb300",
         "body":{
            "title":"Commercial - Medium Scale Brewer",
            "source":{
               "url":"https://img4demo.herokuapp.com/image/capricorn/CM-MSB-300/png"
            }
         }
      },
      {
         "type":"cms_image",
         "urlName":"skucoffil",
         "body":{
            "title":"Organic Paper Coffee Filters",
            "source":{
               "url":"https://img4demo.herokuapp.com/image/capricorn/COF-FIL/jpg"
            }
         }
      },
      {
         "type":"cms_image",
         "urlName":"skucrevdrblend",
         "body":{
            "title":"Colombian Dark Roast Revolution Blend",
            "source":{
               "url":"https://img4demo.herokuapp.com/image/capricorn/CREV-DR-BLEND/png"
            }
         }
      }
   ]
}